{"type":"HairType","name":"Girl_PandoraLatent_Export","slots_count":7,"attachments":{"Hair_Left_Front":{},"Hair_Right_Front":{},"Fringe_Front":{"Fringe_Front":{"x":38.99,"y":18.99,"rotation":90,"width":94,"height":98}},"Hair_Right_Back":{},"Hair_Left_Back":{"Hair_Left_Back":{"type":"skinnedmesh","uvs":[0.77046,0.11801,0.85155,0.25253,0.88196,0.3605,0.88533,0.47732,0.70286,0.61892,0.70285,0.72335,0.83802,0.62069,1,0.69327,1,0.83133,0.80759,0.98177,0.62135,0.99202,0.47644,1,0.31087,0.91805,0.26695,0.77468,0.30074,0.61184,0.28385,0.47732,0.17911,0.36935,0,0.25606,0,0.13393,0.21103,0.02863,0.48324,0,0.27262,0.1283,0.31472,0.25476,0.40473,0.36651,0.46752,0.47732,0.45127,0.61449,0.41221,0.75757,0.48245,0.89646,0.54362,0.1227,0.60914,0.25354,0.65058,0.36341,0.6639,0.47732,0.58985,0.61693,0.54871,0.7415,0.70133,0.86891],"triangles":[11,27,10,11,12,27,10,34,9,10,27,34,9,34,8,12,26,27,27,33,34,34,5,8,5,6,8,6,7,8,12,13,26,27,26,33,34,33,5,13,14,26,26,25,33,26,14,25,33,32,5,33,25,32,5,32,4,32,31,4,25,24,32,25,14,24,4,31,3,32,24,31,14,15,24,31,2,3,24,30,31,31,30,2,15,23,24,24,23,30,15,16,23,16,22,23,16,17,22,23,29,30,23,22,29,30,1,2,30,29,1,17,21,22,17,18,21,22,28,29,22,21,28,29,0,1,29,28,0,18,19,21,21,20,28,21,19,20,28,20,0],"vertices":[1,13,-7.7,41.0,1.0,1,13,10.01,42.3,1.0,2,13,23.71,41.11,0.8,14,-15.2,38.46,0.2,2,13,38.09,37.93,0.5,14,-0.49,38.77,0.5,3,13,52.66,22.09,0.15,14,17.42,26.84,0.7,15,-19.51,27.03,0.15,2,14,30.57,26.91,0.5,15,-6.35,27.0,0.5,1,15,-19.26,35.95,1.0,1,15,-10.09,46.62,1.0,1,15,7.29,46.58,1.0,1,15,26.21,33.83,1.0,1,15,27.48,21.54,1.0,1,15,28.46,11.97,1.0,2,14,55.26,1.19,0.15,15,18.11,1.07,0.85,2,14,37.21,-1.8,0.5,15,0.03,-1.77,0.5,3,13,45.67,-3.52,0.15,14,16.68,0.29,0.7,15,-20.46999,0.5,0.15,2,13,28.92,-0.69,0.5,14,-0.25,-0.91,0.5,2,13,14.09,-4.27,0.85,14,-13.81,-7.9,0.15,1,13,-2.52,-12.48,1.0,1,13,-17.49,-8.93,1.0,1,13,-27.19,7.68,1.0,1,13,-26.55,25.99,1.0,1,13,-14.03,8.72999,1.0,1,13,2.10999,7.76,1.0,2,13,17.18,10.29,0.8,14,-14.26,6.97,0.2,2,13,31.72,11.1,0.5,14,-0.32,11.2,0.5,3,13,48.29,6.06,0.15,14,16.95999,10.22999,0.7,15,-20.11,10.43,0.15,2,14,35.0,7.76,0.5,15,-2.08999,7.81,0.5,2,14,52.47,12.5,0.15,15,15.41,12.4,0.85,1,13,-10.59,26.3,1.0,1,13,6.44,26.7,1.0,2,13,20.54,26.17,0.8,14,-14.74,23.2,0.2,2,13,34.71,23.71,0.5,14,-0.4,24.16,0.5,3,13,50.7,14.89,0.15,14,17.20999,19.37999,0.7,15,-19.78,19.58,0.15,2,14,32.91999,16.76,0.5,15,-4.09,16.82,0.5,2,14,48.91,26.92,0.15,15,11.98,26.86,0.85],"hull":21,"edges":[24,22,26,24,10,16,10,12,16,14,12,14,16,18,8,10,8,6,28,26,28,30,4,6,32,30,32,34,2,4,34,36,0,2,0,40,40,38,38,36,36,42,34,44,42,44,32,46,44,46,30,48,46,48,28,50,48,50,26,52,50,52,54,24,52,54,22,20,20,18,54,20,42,38,0,56,56,42,40,56,2,58,58,44,56,58,4,60,60,46,58,60,6,62,62,48,60,62,8,64,64,50,62,64,10,66,66,52,64,66,16,68,68,54,66,68,68,18],"width":66,"height":126}},"Hair_Back":{"Hair_Back":{"x":55.37,"y":-2.37,"rotation":90.47,"width":112,"height":134}},"Fringe_Back":{"Fringe_Back":{"x":30.12,"y":-0.45,"rotation":90.01,"width":120,"height":97}}},"Ver":"1.1"}