{"type":"HairType","name":"Girl_FoxLegendLatent_Export","slots_count":7,"attachments":{"Hair_Left_Front":{"Hair_Left":{"type":"skinnedmesh","uvs":[0.78864,0.02149,0.91861,0.05505,0.95486,0.13404,1,0.217,0.97407,0.30384,0.93244,0.40903,0.80022,0.50598,0.68903,0.58919,0.55718,0.6865,0.58118,0.7851,0.26942,0.88403,0.30365,0.97387,0.21819,1,0.04714,0.88165,0,0.78124,0.05465,0.68576,0.07699,0.58543,0.14365,0.49572,0.30052,0.4053,0.37702,0.30446,0.37895,0.23005,0.3812,0.15361,0.39649,0.07649,0.46372,0.02615,0.61882,0,0.6616,0.06648,0.68492,0.30431,0.38116,0.59357,0.30617,0.68478,0.25869,0.78504,0.62126,0.4092,0.52823,0.50513,0.68053,0.14345,0.69039,0.22107],"triangles":[8,27,7,28,16,27,12,10,11,12,13,10,13,29,10,10,29,9,13,14,29,29,28,9,28,8,9,14,15,29,29,15,28,28,27,8,15,16,28,30,19,26,16,17,27,27,31,7,27,17,31,7,31,6,31,30,6,6,30,5,17,18,31,31,18,30,18,19,30,30,26,5,20,32,33,19,20,26,26,33,4,26,20,33,4,33,3,20,21,32,33,2,3,33,32,2,32,22,25,32,21,22,32,1,2,32,25,1,25,23,24,25,22,23,25,0,1,25,24,0,5,26,4],"vertices":[1,13,-2.45,16.25,1.0,1,13,3.18,21.86,1.0,1,13,13.23,21.42,1.0,2,13,23.86,21.31,0.95199,14,-10.37,19.26,0.048,2,13,34.11,17.49,0.74,14,0.48,17.96999,0.25999,3,13,46.4,12.35,0.389,14,13.64,15.89,0.56827,15,-23.38,16.12,0.04272,3,13,56.61,2.86,0.05,14,25.8,9.08,0.665,15,-11.28,9.21,0.285,2,14,36.23,3.37,0.5,15,-0.89,3.41,0.5,2,14,48.43,-3.41,0.3,15,11.24,-3.47,0.7,2,14,60.75,-2.08999,0.1,15,23.57,-2.25,0.9,1,15,35.9,-18.49,1.0,1,15,47.13,-16.74,1.0,1,15,50.38,-21.19,1.0,1,15,35.57,-30.05,1.0,2,14,60.45,-32.31,0.1,15,23.02,-32.47,0.9,2,14,48.5,-29.54,0.3,15,11.09,-29.6,0.7,2,14,35.95,-28.45,0.5,15,-1.44,-28.41,0.5,3,13,47.48,-30.06,0.05,14,24.72,-25.05,0.665,15,-12.64,-24.91,0.285,3,13,38.36,-19.51,0.285,14,13.37,-16.95999,0.665,15,-23.93,-16.73,0.05,2,13,27.02,-12.73,0.556,14,0.74,-13.06,0.44399,2,13,17.99,-10.47999,0.868,14,-8.55,-13.01,0.13199,1,13,8.72,-8.16,1.0,1,13,-0.47,-5.16,1.0,1,13,-5.78,-0.31,1.0,1,13,-7.1,8.28,1.0,1,13,1.49,8.53,1.0,2,13,30.69,2.84,0.60399,14,0.63,2.94,0.396,2,14,36.87,-12.63,0.5,15,-0.38,-12.59,0.5,2,14,48.3,-16.45999,0.3,15,11.0,-16.52,0.7,2,14,60.84,-18.85,0.1,15,23.52,-19.02,0.9,3,13,42.69,-3.39,0.285,14,13.76,-0.28,0.665,15,-23.4,-0.05,0.05,3,13,53.24,-10.87,0.05,14,25.77,-5.05,0.665,15,-11.42,-4.92,0.285,1,13,11.08,7.26,1.0,2,13,20.64,5.52,0.852,14,-9.77,3.16,0.14799],"hull":25,"edges":[50,48,52,8,52,38,54,14,54,32,54,56,56,16,16,14,20,58,58,56,58,18,18,16,18,20,56,30,30,32,58,28,28,30,20,26,26,28,26,24,20,22,22,24,50,44,50,2,2,0,0,48,48,46,46,44,52,60,54,62,62,60,50,64,52,66,66,64,64,42,42,44,66,40,40,38,40,42,64,4,4,2,66,6,6,4,6,8,60,10,10,8,62,12,12,14,12,10,62,34,34,32,60,36,36,34,36,38],"width":52,"height":125}},"Hair_Right_Front":{"Hair_Right":{"type":"skinnedmesh","uvs":[0.49795,0.03843,0.51572,0.08892,0.46516,0.17509,0.39679,0.25511,0.35218,0.32727,0.39069,0.42331,0.53611,0.51567,0.73869,0.58712,0.72374,0.69669,0.82758,0.79275,0.86907,0.88756,1,0.95776,0.83927,1,0.65525,0.90476,0.37909,0.90349,0.28708,0.86284,0.41448,0.80891,0.4327,0.73482,0.25984,0.63875,0.14709,0.54024,0.04622,0.44049,0,0.33214,0.04641,0.23782,0.08805,0.1578,0.15049,0.07778,0.2307,0.0347,0.40593,0,0.34718,0.08717,0.18067,0.3297,0.45062,0.62278,0.56944,0.71366,0.62367,0.81377,0.23465,0.43176,0.318,0.52746,0.28451,0.16719,0.22501,0.24811],"triangles":[7,30,29,17,18,29,31,30,8,31,8,9,16,17,30,16,30,31,15,16,31,14,15,31,13,31,9,13,9,10,14,31,13,12,13,10,12,10,11,8,30,7,17,29,30,32,28,4,20,21,28,32,4,5,20,28,32,33,32,5,33,5,6,19,20,32,19,32,33,29,33,6,29,6,7,18,19,33,18,33,29,27,25,26,24,25,27,27,26,0,1,27,0,34,24,27,23,24,34,2,27,1,34,27,2,35,23,34,22,23,35,3,34,2,35,34,3,4,35,3,28,22,35,28,35,4,21,22,28],"vertices":[1,19,-7.68,13.98,1.0,1,19,-1.61,15.58,1.0,2,19,9.2,14.2,0.9,20,-18.45,16.23,0.1,2,19,19.37,11.84,0.7,20,-8.62,12.71,0.3,2,19,28.45,10.57,0.5,20,0.23,10.39999,0.5,3,19,39.96,13.85,0.285,20,12.06,12.31,0.665,21,-25.2,12.18,0.05,3,19,50.42,22.49,0.05,20,23.45,19.68,0.665,21,-13.87,19.64,0.285,2,20,32.28,29.98,0.5,21,-5.12,30.01,0.5,2,20,45.75,29.16,0.3,21,8.35,29.3,0.7,2,20,57.59,34.41,0.1,21,20.14,34.65,0.9,1,21,31.79,36.81,1.0,1,21,40.4,43.52,1.0,1,21,45.63,35.34,1.0,1,21,33.95,25.91,1.0,1,21,33.84999,11.83,1.0,1,21,28.87,7.11,1.0,2,20,59.49,13.34,0.1,21,22.21,13.59,0.9,2,20,50.38,14.3,0.3,21,13.1,14.48,0.7,2,20,38.53,5.53,0.5,21,1.32,5.61,0.5,3,19,55.65,3.11,0.05,20,26.39,-0.16,0.665,21,-10.77,-0.17,0.285,3,19,44.03,-3.37,0.285,20,14.1,-5.25,0.665,21,-23.02,-5.37,0.05,2,19,31.05,-7.2,0.5,20,0.76,-7.56,0.5,2,19,19.26,-6.15,0.7,20,-10.82,-5.14,0.3,2,19,9.24,-5.14,0.9,20,-20.65,-2.98,0.1,1,19,-0.89,-3.08,1.0,1,19,-6.61,0.39,1.0,1,19,-11.85,8.79,1.0,1,19,-0.86,7.01,1.0,2,19,29.72,1.91,0.5,20,0.5,1.65,0.5,2,20,36.59999,15.27,0.5,21,-0.68,15.34,0.5,2,20,47.8,21.29,0.3,21,10.47,21.44,0.7,2,20,60.13,24.0,0.1,21,22.77,24.26,0.9,3,19,41.89,6.05,0.285,20,13.06,4.35,0.665,21,-24.13,4.23,0.05,3,19,53.11,11.6,0.05,20,24.85,8.56,0.665,21,-12.37,8.53,0.285,2,19,9.27,4.94,0.9,20,-19.45999,7.03,0.1,2,19,19.5,3.04,0.7,20,-9.52,3.95,0.3],"hull":27,"edges":[26,24,26,20,20,22,22,24,58,14,58,60,60,16,26,62,62,60,62,18,18,20,18,16,60,34,62,30,30,28,28,26,34,32,32,30,58,36,36,34,14,16,56,8,56,64,64,10,58,66,66,64,66,12,12,14,12,10,10,8,56,42,64,40,40,42,66,38,38,40,38,36,54,2,54,68,68,4,4,2,56,70,70,68,70,6,6,8,6,4,68,46,70,44,44,42,44,46,46,48,48,54,54,52,52,50,50,48,52,0,0,2],"width":51,"height":123}},"Fringe_Front":{"Fringe_Front":{"x":36.5,"y":14.47,"rotation":90,"width":83,"height":47}},"Hair_Right_Back":{},"Hair_Left_Back":{},"Hair_Back":{},"Fringe_Back":{"Fringe_Back":{"x":26.13,"y":4.52,"rotation":90.01,"width":128,"height":87}}},"Ver":"1.1"}